,Premiums,Death,Surrender,Maturity,Expenses,Commissions,Net Cashflow
PV,26422361.852088563,6011943.000619649,13473552.378826888,0.0,1891365.6443040203,1321118.0926044288,5996493.266132956
